file,frame_ms,W,num_bins,smooth_bins,median_width,gt_count,pred_count,matched,missing,extra,MAE_ms,RMSE_ms,balanced_frame_error,match_tolerance_ms,T_energy,T_centroid,fallback
phone_F1.wav,20.0,3.0,40,1,1,2,4,2,0,2,40.00000000000009,41.23105625617666,0.09009009009009009,150.0,0.005571864224584715,880.1991377905388,False
phone_M1.wav,20.0,3.0,40,1,1,2,2,2,0,0,10.000000000000203,14.142135623730923,0.0032679738562091504,150.0,0.00037131369907001494,1123.9517450142355,False
studio_F1.wav,20.0,3.0,40,1,1,2,2,2,0,0,5.0000000000001705,7.071067811865639,0.0,150.0,0.0004271091144139163,1293.0341774016924,False
studio_M1.wav,20.0,3.0,40,1,1,2,2,2,0,0,45.00000000000026,45.27692569068732,0.041666666666666664,150.0,0.0005128284695330171,1840.5974584651794,False
phone_F1.wav,20.0,3.0,40,1,3,2,6,2,0,4,30.00000000000014,30.00000000000014,0.15765765765765766,150.0,0.005571864224584715,880.1991377905388,False
phone_M1.wav,20.0,3.0,40,1,3,2,2,2,0,0,10.000000000000203,14.142135623730923,0.0032679738562091504,150.0,0.00037131369907001494,1123.9517450142355,False
studio_F1.wav,20.0,3.0,40,1,3,2,2,2,0,0,5.0000000000001705,7.071067811865639,0.0,150.0,0.0004271091144139163,1293.0341774016924,False
studio_M1.wav,20.0,3.0,40,1,3,2,2,2,0,0,45.00000000000026,45.27692569068732,0.041666666666666664,150.0,0.0005128284695330171,1840.5974584651794,False
phone_F1.wav,20.0,3.0,40,1,5,2,6,2,0,4,30.00000000000014,30.00000000000014,0.15765765765765766,150.0,0.005571864224584715,880.1991377905388,False
phone_M1.wav,20.0,3.0,40,1,5,2,2,2,0,0,10.000000000000203,14.142135623730923,0.0032679738562091504,150.0,0.00037131369907001494,1123.9517450142355,False
studio_F1.wav,20.0,3.0,40,1,5,2,2,2,0,0,5.0000000000001705,7.071067811865639,0.0,150.0,0.0004271091144139163,1293.0341774016924,False
studio_M1.wav,20.0,3.0,40,1,5,2,2,2,0,0,45.00000000000026,45.27692569068732,0.041666666666666664,150.0,0.0005128284695330171,1840.5974584651794,False
phone_F1.wav,20.0,3.0,40,3,1,2,4,1,1,3,109.99999999999999,109.99999999999999,0.30180180180180183,150.0,0.0047813160073565085,1546.322349930464,False
phone_M1.wav,20.0,3.0,40,3,1,2,2,2,0,0,19.99999999999999,19.99999999999999,0.006535947712418301,150.0,0.0010114727984000635,1002.2544960132262,False
studio_F1.wav,20.0,3.0,40,3,1,2,2,2,0,0,5.0000000000001705,7.071067811865639,0.0,150.0,0.0005338824032188146,1610.7812788850547,False
studio_M1.wav,20.0,3.0,40,3,1,2,2,2,0,0,85.00000000000003,85.14693182963202,0.075,150.0,0.000641035521713132,2516.55296945504,False
phone_F1.wav,20.0,3.0,40,3,3,2,6,1,1,5,109.99999999999999,109.99999999999999,0.4099099099099099,150.0,0.0047813160073565085,1546.322349930464,False
phone_M1.wav,20.0,3.0,40,3,3,2,2,2,0,0,19.99999999999999,19.99999999999999,0.006535947712418301,150.0,0.0010114727984000635,1002.2544960132262,False
studio_F1.wav,20.0,3.0,40,3,3,2,2,2,0,0,5.0000000000001705,7.071067811865639,0.0,150.0,0.0005338824032188146,1610.7812788850547,False
studio_M1.wav,20.0,3.0,40,3,3,2,2,1,1,1,89.99999999999997,89.99999999999997,0.13333333333333333,150.0,0.000641035521713132,2516.55296945504,False
phone_F1.wav,20.0,3.0,40,3,5,2,4,0,2,4,,,0.3963963963963964,150.0,0.0047813160073565085,1546.322349930464,False
phone_M1.wav,20.0,3.0,40,3,5,2,2,2,0,0,19.99999999999999,19.99999999999999,0.006535947712418301,150.0,0.0010114727984000635,1002.2544960132262,False
studio_F1.wav,20.0,3.0,40,3,5,2,2,2,0,0,5.0000000000001705,7.071067811865639,0.0,150.0,0.0005338824032188146,1610.7812788850547,False
studio_M1.wav,20.0,3.0,40,3,5,2,2,1,1,1,50.00000000000004,50.00000000000004,0.19166666666666668,150.0,0.000641035521713132,2516.55296945504,False
phone_F1.wav,20.0,3.0,80,1,1,2,4,2,0,2,9.999999999999897,9.999999999999897,0.07207207207207207,150.0,0.002014397247057786,654.1930479573498,False
phone_M1.wav,20.0,3.0,80,1,1,2,2,2,0,0,10.000000000000203,14.142135623730923,0.0032679738562091504,150.0,0.0002798623991657223,1093.5274327639831,False
studio_F1.wav,20.0,3.0,80,1,1,2,2,2,0,0,5.0000000000001705,7.071067811865639,0.0,150.0,0.0003737224700114671,1240.0763271544656,False
studio_M1.wav,20.0,3.0,80,1,1,2,2,2,0,0,45.00000000000026,45.27692569068732,0.041666666666666664,150.0,0.00044872494344295967,1129.0653416337473,False
phone_F1.wav,20.0,3.0,80,1,3,2,4,2,0,2,9.999999999999897,9.999999999999897,0.07207207207207207,150.0,0.002014397247057786,654.1930479573498,False
phone_M1.wav,20.0,3.0,80,1,3,2,2,2,0,0,10.000000000000203,14.142135623730923,0.0032679738562091504,150.0,0.0002798623991657223,1093.5274327639831,False
studio_F1.wav,20.0,3.0,80,1,3,2,2,2,0,0,5.0000000000001705,7.071067811865639,0.0,150.0,0.0003737224700114671,1240.0763271544656,False
studio_M1.wav,20.0,3.0,80,1,3,2,2,2,0,0,45.00000000000026,45.27692569068732,0.041666666666666664,150.0,0.00044872494344295967,1129.0653416337473,False
phone_F1.wav,20.0,3.0,80,1,5,2,4,2,0,2,9.999999999999897,9.999999999999897,0.07207207207207207,150.0,0.002014397247057786,654.1930479573498,False
phone_M1.wav,20.0,3.0,80,1,5,2,2,2,0,0,10.000000000000203,14.142135623730923,0.0032679738562091504,150.0,0.0002798623991657223,1093.5274327639831,False
studio_F1.wav,20.0,3.0,80,1,5,2,2,2,0,0,5.0000000000001705,7.071067811865639,0.0,150.0,0.0003737224700114671,1240.0763271544656,False
studio_M1.wav,20.0,3.0,80,1,5,2,2,2,0,0,45.00000000000026,45.27692569068732,0.041666666666666664,150.0,0.00044872494344295967,1129.0653416337473,False
phone_F1.wav,20.0,3.0,80,3,1,2,4,2,0,2,29.99999999999986,36.05551275463982,0.08558558558558559,150.0,0.0047813160073565085,630.4029332380667,False
phone_M1.wav,20.0,3.0,80,3,1,2,2,2,0,0,10.000000000000203,14.142135623730923,0.0032679738562091504,150.0,0.0002798623991657223,1139.1639011393615,False
studio_F1.wav,20.0,3.0,80,3,1,2,2,2,0,0,5.0000000000001705,7.071067811865639,0.0,150.0,0.00032033582560901793,1257.7289439035412,False
studio_M1.wav,20.0,3.0,80,3,1,2,2,2,0,0,45.00000000000026,45.27692569068732,0.041666666666666664,150.0,0.00044872494344295967,1289.1600679208195,False
phone_F1.wav,20.0,3.0,80,3,3,2,4,2,0,2,19.999999999999908,22.36067977499787,0.08108108108108109,150.0,0.0047813160073565085,630.4029332380667,False
phone_M1.wav,20.0,3.0,80,3,3,2,2,2,0,0,10.000000000000203,14.142135623730923,0.0032679738562091504,150.0,0.0002798623991657223,1139.1639011393615,False
studio_F1.wav,20.0,3.0,80,3,3,2,2,2,0,0,5.0000000000001705,7.071067811865639,0.0,150.0,0.00032033582560901793,1257.7289439035412,False
studio_M1.wav,20.0,3.0,80,3,3,2,2,2,0,0,45.00000000000026,45.27692569068732,0.041666666666666664,150.0,0.00044872494344295967,1289.1600679208195,False
phone_F1.wav,20.0,3.0,80,3,5,2,4,2,0,2,19.999999999999908,22.36067977499787,0.08108108108108109,150.0,0.0047813160073565085,630.4029332380667,False
phone_M1.wav,20.0,3.0,80,3,5,2,2,2,0,0,10.000000000000203,14.142135623730923,0.0032679738562091504,150.0,0.0002798623991657223,1139.1639011393615,False
studio_F1.wav,20.0,3.0,80,3,5,2,2,2,0,0,5.0000000000001705,7.071067811865639,0.0,150.0,0.00032033582560901793,1257.7289439035412,False
studio_M1.wav,20.0,3.0,80,3,5,2,2,2,0,0,45.00000000000026,45.27692569068732,0.041666666666666664,150.0,0.00044872494344295967,1289.1600679208195,False
phone_F1.wav,20.0,5.0,40,1,1,2,4,2,0,2,29.99999999999986,36.05551275463982,0.08558558558558559,150.0,0.004254283862537704,864.3390613110167,False
phone_M1.wav,20.0,5.0,40,1,1,2,2,2,0,0,10.000000000000203,14.142135623730923,0.0032679738562091504,150.0,0.00031034616580048654,1103.6688701807338,False
studio_F1.wav,20.0,5.0,40,1,1,2,2,2,0,0,5.0000000000001705,7.071067811865639,0.0,150.0,0.0003559269218773174,1269.4973550695915,False
studio_M1.wav,20.0,5.0,40,1,1,2,2,2,0,0,45.00000000000026,45.27692569068732,0.041666666666666664,150.0,0.0004273571014129405,1793.1619840097508,False
phone_F1.wav,20.0,5.0,40,1,3,2,4,2,0,2,19.999999999999908,22.36067977499787,0.08108108108108109,150.0,0.004254283862537704,864.3390613110167,False
phone_M1.wav,20.0,5.0,40,1,3,2,2,2,0,0,10.000000000000203,14.142135623730923,0.0032679738562091504,150.0,0.00031034616580048654,1103.6688701807338,False
studio_F1.wav,20.0,5.0,40,1,3,2,2,2,0,0,5.0000000000001705,7.071067811865639,0.0,150.0,0.0003559269218773174,1269.4973550695915,False
studio_M1.wav,20.0,5.0,40,1,3,2,2,2,0,0,45.00000000000026,45.27692569068732,0.041666666666666664,150.0,0.0004273571014129405,1793.1619840097508,False
phone_F1.wav,20.0,5.0,40,1,5,2,6,2,0,4,19.999999999999908,22.36067977499787,0.15315315315315314,150.0,0.004254283862537704,864.3390613110167,False
phone_M1.wav,20.0,5.0,40,1,5,2,2,2,0,0,10.000000000000203,14.142135623730923,0.0032679738562091504,150.0,0.00031034616580048654,1103.6688701807338,False
studio_F1.wav,20.0,5.0,40,1,5,2,2,2,0,0,5.0000000000001705,7.071067811865639,0.0,150.0,0.0003559269218773174,1269.4973550695915,False
studio_M1.wav,20.0,5.0,40,1,5,2,2,2,0,0,45.00000000000026,45.27692569068732,0.041666666666666664,150.0,0.0004273571014129405,1793.1619840097508,False
phone_F1.wav,20.0,5.0,40,3,1,2,4,1,1,3,89.99999999999997,89.99999999999997,0.2927927927927928,150.0,0.0037272517177188995,1498.742120491898,False
phone_M1.wav,20.0,5.0,40,3,1,2,2,2,0,0,10.000000000000203,14.142135623730923,0.0032679738562091504,150.0,0.0007371188986871856,981.9716211797246,False
studio_F1.wav,20.0,5.0,40,3,1,2,2,2,0,0,5.0000000000001705,7.071067811865639,0.0,150.0,0.0004271091144139163,1481.3287560584997,False
studio_M1.wav,20.0,5.0,40,3,1,2,2,2,0,0,85.00000000000003,85.14693182963202,0.075,150.0,0.0005128284695330171,2433.5408891580396,False
phone_F1.wav,20.0,5.0,40,3,3,2,6,1,1,5,89.99999999999997,89.99999999999997,0.3918918918918919,150.0,0.0037272517177188995,1498.742120491898,False
phone_M1.wav,20.0,5.0,40,3,3,2,2,2,0,0,10.000000000000203,14.142135623730923,0.0032679738562091504,150.0,0.0007371188986871856,981.9716211797246,False
studio_F1.wav,20.0,5.0,40,3,3,2,2,2,0,0,5.0000000000001705,7.071067811865639,0.0,150.0,0.0004271091144139163,1481.3287560584997,False
studio_M1.wav,20.0,5.0,40,3,3,2,2,1,1,1,89.99999999999997,89.99999999999997,0.13333333333333333,150.0,0.0005128284695330171,2433.5408891580396,False
phone_F1.wav,20.0,5.0,40,3,5,2,6,1,1,5,89.99999999999997,89.99999999999997,0.3738738738738739,150.0,0.0037272517177188995,1498.742120491898,False
phone_M1.wav,20.0,5.0,40,3,5,2,2,2,0,0,10.000000000000203,14.142135623730923,0.0032679738562091504,150.0,0.0007371188986871856,981.9716211797246,False
studio_F1.wav,20.0,5.0,40,3,5,2,2,2,0,0,5.0000000000001705,7.071067811865639,0.0,150.0,0.0004271091144139163,1481.3287560584997,False
studio_M1.wav,20.0,5.0,40,3,5,2,2,1,1,1,50.00000000000004,50.00000000000004,0.19166666666666668,150.0,0.0005128284695330171,2433.5408891580396,False
phone_F1.wav,20.0,5.0,80,1,1,2,4,2,0,2,9.999999999999897,9.999999999999897,0.07207207207207207,150.0,0.001619123138443683,642.2979905977082,False
phone_M1.wav,20.0,5.0,80,1,1,2,2,2,0,0,10.000000000000203,14.142135623730923,0.0032679738562091504,150.0,0.00021889486589619383,1073.2445579304815,False
studio_F1.wav,20.0,5.0,80,1,1,2,2,2,0,0,5.0000000000001705,7.071067811865639,0.0,150.0,0.00028474472934071843,1222.42371040539,False
studio_M1.wav,20.0,5.0,80,1,1,2,2,2,0,0,35.00000000000003,38.07886552931957,0.03333333333333333,150.0,0.000341885733292864,1117.2064730198902,False
phone_F1.wav,20.0,5.0,80,1,3,2,4,2,0,2,9.999999999999897,9.999999999999897,0.07207207207207207,150.0,0.001619123138443683,642.2979905977082,False
phone_M1.wav,20.0,5.0,80,1,3,2,2,2,0,0,10.000000000000203,14.142135623730923,0.0032679738562091504,150.0,0.00021889486589619383,1073.2445579304815,False
studio_F1.wav,20.0,5.0,80,1,3,2,2,2,0,0,5.0000000000001705,7.071067811865639,0.0,150.0,0.00028474472934071843,1222.42371040539,False
studio_M1.wav,20.0,5.0,80,1,3,2,2,2,0,0,35.00000000000003,38.07886552931957,0.03333333333333333,150.0,0.000341885733292864,1117.2064730198902,False
phone_F1.wav,20.0,5.0,80,1,5,2,4,2,0,2,9.999999999999897,9.999999999999897,0.07207207207207207,150.0,0.001619123138443683,642.2979905977082,False
phone_M1.wav,20.0,5.0,80,1,5,2,2,2,0,0,10.000000000000203,14.142135623730923,0.0032679738562091504,150.0,0.00021889486589619383,1073.2445579304815,False
studio_F1.wav,20.0,5.0,80,1,5,2,2,2,0,0,5.0000000000001705,7.071067811865639,0.0,150.0,0.00028474472934071843,1222.42371040539,False
studio_M1.wav,20.0,5.0,80,1,5,2,2,2,0,0,35.00000000000003,38.07886552931957,0.03333333333333333,150.0,0.000341885733292864,1117.2064730198902,False
phone_F1.wav,20.0,5.0,80,3,1,2,4,2,0,2,9.999999999999897,9.999999999999897,0.07657657657657657,150.0,0.0034637356453094976,610.5778376386642,False
phone_M1.wav,20.0,5.0,80,3,1,2,2,2,0,0,10.000000000000203,14.142135623730923,0.0032679738562091504,150.0,0.00021889486589619383,1123.9517450142355,False
studio_F1.wav,20.0,5.0,80,3,1,2,2,2,0,0,5.0000000000001705,7.071067811865639,0.0,150.0,0.000249153633072419,1234.1921215714403,False
studio_M1.wav,20.0,5.0,80,3,1,2,2,2,0,0,35.00000000000003,38.07886552931957,0.03333333333333333,150.0,0.000341885733292864,1247.6540277723195,False
phone_F1.wav,20.0,5.0,80,3,3,2,4,2,0,2,9.999999999999897,9.999999999999897,0.07657657657657657,150.0,0.0034637356453094976,610.5778376386642,False
phone_M1.wav,20.0,5.0,80,3,3,2,2,2,0,0,10.000000000000203,14.142135623730923,0.0032679738562091504,150.0,0.00021889486589619383,1123.9517450142355,False
studio_F1.wav,20.0,5.0,80,3,3,2,2,2,0,0,5.0000000000001705,7.071067811865639,0.0,150.0,0.000249153633072419,1234.1921215714403,False
studio_M1.wav,20.0,5.0,80,3,3,2,2,2,0,0,35.00000000000003,38.07886552931957,0.03333333333333333,150.0,0.000341885733292864,1247.6540277723195,False
phone_F1.wav,20.0,5.0,80,3,5,2,4,2,0,2,9.999999999999897,9.999999999999897,0.07657657657657657,150.0,0.0034637356453094976,610.5778376386642,False
phone_M1.wav,20.0,5.0,80,3,5,2,2,2,0,0,10.000000000000203,14.142135623730923,0.0032679738562091504,150.0,0.00021889486589619383,1123.9517450142355,False
studio_F1.wav,20.0,5.0,80,3,5,2,2,2,0,0,5.0000000000001705,7.071067811865639,0.0,150.0,0.000249153633072419,1234.1921215714403,False
studio_M1.wav,20.0,5.0,80,3,5,2,2,2,0,0,35.00000000000003,38.07886552931957,0.03333333333333333,150.0,0.000341885733292864,1247.6540277723195,False
phone_F1.wav,50.0,3.0,40,1,1,2,4,2,0,2,10.000000000000009,14.142135623730963,0.07954545454545454,150.0,0.003725995676752064,819.1444944444544,False
phone_M1.wav,50.0,3.0,40,1,1,2,4,2,0,2,34.99999999999989,35.355339059327285,0.17846497764530553,150.0,0.00036927309552993394,1471.1471795115674,False
studio_F1.wav,50.0,3.0,40,1,1,2,2,2,0,0,15.000000000000014,21.213203435596444,0.017857142857142856,150.0,0.00043292870525167223,1349.780927396872,False
studio_M1.wav,50.0,3.0,40,1,1,2,2,2,0,0,20.000000000000128,22.36067977499797,0.020833333333333332,150.0,0.0006051207869894414,1309.4436426717698,False
phone_F1.wav,50.0,3.0,40,1,3,2,4,2,0,2,10.000000000000009,14.142135623730963,0.06818181818181818,150.0,0.003725995676752064,819.1444944444544,False
phone_M1.wav,50.0,3.0,40,1,3,2,4,2,0,2,19.999999999999936,22.36067977499778,0.1620715350223547,150.0,0.00036927309552993394,1471.1471795115674,False
studio_F1.wav,50.0,3.0,40,1,3,2,2,2,0,0,15.000000000000014,21.213203435596444,0.017857142857142856,150.0,0.00043292870525167223,1349.780927396872,False
studio_M1.wav,50.0,3.0,40,1,3,2,2,2,0,0,20.000000000000128,22.36067977499797,0.020833333333333332,150.0,0.0006051207869894414,1309.4436426717698,False
phone_F1.wav,50.0,3.0,40,1,5,2,4,1,1,3,20.000000000000018,20.000000000000018,0.13636363636363635,150.0,0.003725995676752064,819.1444944444544,False
phone_M1.wav,50.0,3.0,40,1,5,2,4,2,0,2,19.999999999999936,22.36067977499778,0.1538748137108793,150.0,0.00036927309552993394,1471.1471795115674,False
studio_F1.wav,50.0,3.0,40,1,5,2,2,2,0,0,15.000000000000014,21.213203435596444,0.017857142857142856,150.0,0.00043292870525167223,1349.780927396872,False
studio_M1.wav,50.0,3.0,40,1,5,2,2,2,0,0,20.000000000000128,22.36067977499797,0.020833333333333332,150.0,0.0006051207869894414,1309.4436426717698,False
phone_F1.wav,50.0,3.0,40,3,1,2,6,2,0,4,10.000000000000009,14.142135623730963,0.14772727272727273,150.0,0.00556848007778899,895.5926360474664,False
phone_M1.wav,50.0,3.0,40,3,1,2,4,2,0,2,30.0,31.622776601683785,0.1557377049180328,150.0,0.0008051651518107975,1499.4076542381306,False
studio_F1.wav,50.0,3.0,40,3,1,2,2,2,0,0,15.000000000000014,21.213203435596444,0.017857142857142856,150.0,0.0009524200968217324,1255.2778037682633,False
studio_M1.wav,50.0,3.0,40,3,1,2,2,2,0,0,45.00000000000004,47.43416490252573,0.041666666666666664,150.0,0.0007059741333652871,1459.862144373732,False
phone_F1.wav,50.0,3.0,40,3,3,2,4,2,0,2,10.000000000000009,14.142135623730963,0.06818181818181818,150.0,0.00556848007778899,895.5926360474664,False
phone_M1.wav,50.0,3.0,40,3,3,2,6,2,0,4,30.0,31.622776601683785,0.19672131147540983,150.0,0.0008051651518107975,1499.4076542381306,False
studio_F1.wav,50.0,3.0,40,3,3,2,2,2,0,0,15.000000000000014,21.213203435596444,0.017857142857142856,150.0,0.0009524200968217324,1255.2778037682633,False
studio_M1.wav,50.0,3.0,40,3,3,2,2,2,0,0,45.00000000000004,47.43416490252573,0.041666666666666664,150.0,0.0007059741333652871,1459.862144373732,False
phone_F1.wav,50.0,3.0,40,3,5,2,4,1,1,3,20.000000000000018,20.000000000000018,0.14772727272727273,150.0,0.00556848007778899,895.5926360474664,False
phone_M1.wav,50.0,3.0,40,3,5,2,6,2,0,4,30.0,31.622776601683785,0.22131147540983606,150.0,0.0008051651518107975,1499.4076542381306,False
studio_F1.wav,50.0,3.0,40,3,5,2,2,2,0,0,15.000000000000014,21.213203435596444,0.017857142857142856,150.0,0.0009524200968217324,1255.2778037682633,False
studio_M1.wav,50.0,3.0,40,3,5,2,2,2,0,0,45.00000000000004,47.43416490252573,0.041666666666666664,150.0,0.0007059741333652871,1459.862144373732,False
phone_F1.wav,50.0,3.0,80,1,1,2,4,2,0,2,10.000000000000009,14.142135623730963,0.07954545454545454,150.0,0.002190592009221291,723.5843174406896,False
phone_M1.wav,50.0,3.0,80,1,1,2,2,2,0,0,19.999999999999936,22.36067977499778,0.022727272727272728,150.0,0.0002966244194831234,1188.542432245935,False
studio_F1.wav,50.0,3.0,80,1,1,2,2,2,0,0,15.000000000000014,21.213203435596444,0.017857142857142856,150.0,0.00021647395876414713,1113.5231183253504,False
studio_M1.wav,50.0,3.0,80,1,1,2,2,2,0,0,20.000000000000128,22.36067977499797,0.020833333333333332,150.0,0.00020170740148605875,1279.3599423313776,False
phone_F1.wav,50.0,3.0,80,1,3,2,4,2,0,2,10.000000000000009,14.142135623730963,0.06818181818181818,150.0,0.002190592009221291,723.5843174406896,False
phone_M1.wav,50.0,3.0,80,1,3,2,2,2,0,0,19.999999999999936,22.36067977499778,0.022727272727272728,150.0,0.0002966244194831234,1188.542432245935,False
studio_F1.wav,50.0,3.0,80,1,3,2,2,2,0,0,15.000000000000014,21.213203435596444,0.017857142857142856,150.0,0.00021647395876414713,1113.5231183253504,False
studio_M1.wav,50.0,3.0,80,1,3,2,2,2,0,0,20.000000000000128,22.36067977499797,0.020833333333333332,150.0,0.00020170740148605875,1279.3599423313776,False
phone_F1.wav,50.0,3.0,80,1,5,2,4,1,1,3,20.000000000000018,20.000000000000018,0.13636363636363635,150.0,0.002190592009221291,723.5843174406896,False
phone_M1.wav,50.0,3.0,80,1,5,2,2,2,0,0,19.999999999999936,22.36067977499778,0.022727272727272728,150.0,0.0002966244194831234,1188.542432245935,False
studio_F1.wav,50.0,3.0,80,1,5,2,2,2,0,0,15.000000000000014,21.213203435596444,0.017857142857142856,150.0,0.00021647395876414713,1113.5231183253504,False
studio_M1.wav,50.0,3.0,80,1,5,2,2,2,0,0,20.000000000000128,22.36067977499797,0.020833333333333332,150.0,0.00020170740148605875,1279.3599423313776,False
phone_F1.wav,50.0,3.0,80,3,1,2,4,2,0,2,10.000000000000009,14.142135623730963,0.07954545454545454,150.0,0.002190592009221291,800.0324590437015,False
phone_M1.wav,50.0,3.0,80,3,1,2,2,2,0,0,19.999999999999936,22.36067977499778,0.022727272727272728,150.0,0.0002966244194831234,1174.4121948826532,False
studio_F1.wav,50.0,3.0,80,3,1,2,2,2,0,0,15.000000000000014,21.213203435596444,0.017857142857142856,150.0,0.0003896377559541672,1129.2736389301185,False
studio_M1.wav,50.0,3.0,80,3,1,2,2,2,0,0,20.000000000000128,22.36067977499797,0.020833333333333332,150.0,0.00025213407467398157,1279.3599423313776,False
phone_F1.wav,50.0,3.0,80,3,3,2,4,2,0,2,10.000000000000009,14.142135623730963,0.06818181818181818,150.0,0.002190592009221291,800.0324590437015,False
phone_M1.wav,50.0,3.0,80,3,3,2,2,2,0,0,19.999999999999936,22.36067977499778,0.022727272727272728,150.0,0.0002966244194831234,1174.4121948826532,False
studio_F1.wav,50.0,3.0,80,3,3,2,2,2,0,0,15.000000000000014,21.213203435596444,0.017857142857142856,150.0,0.0003896377559541672,1129.2736389301185,False
studio_M1.wav,50.0,3.0,80,3,3,2,2,2,0,0,20.000000000000128,22.36067977499797,0.020833333333333332,150.0,0.00025213407467398157,1279.3599423313776,False
phone_F1.wav,50.0,3.0,80,3,5,2,4,1,1,3,20.000000000000018,20.000000000000018,0.13636363636363635,150.0,0.002190592009221291,800.0324590437015,False
phone_M1.wav,50.0,3.0,80,3,5,2,2,2,0,0,19.999999999999936,22.36067977499778,0.022727272727272728,150.0,0.0002966244194831234,1174.4121948826532,False
studio_F1.wav,50.0,3.0,80,3,5,2,2,2,0,0,15.000000000000014,21.213203435596444,0.017857142857142856,150.0,0.0003896377559541672,1129.2736389301185,False
studio_M1.wav,50.0,3.0,80,3,5,2,2,2,0,0,20.000000000000128,22.36067977499797,0.020833333333333332,150.0,0.00025213407467398157,1279.3599423313776,False
phone_F1.wav,50.0,5.0,40,1,1,2,4,2,0,2,10.000000000000009,14.142135623730963,0.07954545454545454,150.0,0.0029071137207356515,787.2911021098662,False
phone_M1.wav,50.0,5.0,40,1,1,2,4,2,0,2,34.99999999999989,35.355339059327285,0.11289120715350223,150.0,0.0002966244194831234,1433.4665465428163,False
studio_F1.wav,50.0,5.0,40,1,1,2,2,2,0,0,15.000000000000014,21.213203435596444,0.017857142857142856,150.0,0.0003463468066566622,1307.7795391174902,False
studio_M1.wav,50.0,5.0,40,1,1,2,2,2,0,0,20.000000000000128,22.36067977499797,0.020833333333333332,150.0,0.00047064965848831386,1269.3320422179133,False
phone_F1.wav,50.0,5.0,40,1,3,2,4,2,0,2,10.000000000000009,14.142135623730963,0.06818181818181818,150.0,0.0029071137207356515,787.2911021098662,False
phone_M1.wav,50.0,5.0,40,1,3,2,4,2,0,2,19.999999999999936,22.36067977499778,0.09649776453055142,150.0,0.0002966244194831234,1433.4665465428163,False
studio_F1.wav,50.0,5.0,40,1,3,2,2,2,0,0,15.000000000000014,21.213203435596444,0.017857142857142856,150.0,0.0003463468066566622,1307.7795391174902,False
studio_M1.wav,50.0,5.0,40,1,3,2,2,2,0,0,20.000000000000128,22.36067977499797,0.020833333333333332,150.0,0.00047064965848831386,1269.3320422179133,False
phone_F1.wav,50.0,5.0,40,1,5,2,4,1,1,3,20.000000000000018,20.000000000000018,0.13636363636363635,150.0,0.0029071137207356515,787.2911021098662,False
phone_M1.wav,50.0,5.0,40,1,5,2,4,2,0,2,19.999999999999936,22.36067977499778,0.088301043219076,150.0,0.0002966244194831234,1433.4665465428163,False
studio_F1.wav,50.0,5.0,40,1,5,2,2,2,0,0,15.000000000000014,21.213203435596444,0.017857142857142856,150.0,0.0003463468066566622,1307.7795391174902,False
studio_M1.wav,50.0,5.0,40,1,5,2,2,2,0,0,20.000000000000128,22.36067977499797,0.020833333333333332,150.0,0.00047064965848831386,1269.3320422179133,False
phone_F1.wav,50.0,5.0,40,3,1,2,4,2,0,2,10.000000000000009,14.142135623730963,0.07954545454545454,150.0,0.00413543665476027,838.2565298452074,False
phone_M1.wav,50.0,5.0,40,3,1,2,4,2,0,2,30.0,31.622776601683785,0.10655737704918032,150.0,0.0005872191236703657,1452.3068630271919,False
studio_F1.wav,50.0,5.0,40,3,1,2,2,2,0,0,15.000000000000014,21.213203435596444,0.017857142857142856,150.0,0.0006926744010367023,1202.7760684190364,False
studio_M1.wav,50.0,5.0,40,3,1,2,2,2,0,0,20.000000000000128,22.36067977499797,0.020833333333333332,150.0,0.0005378852227388777,1369.6110433525548,False
phone_F1.wav,50.0,5.0,40,3,3,2,4,2,0,2,10.000000000000009,14.142135623730963,0.06818181818181818,150.0,0.00413543665476027,838.2565298452074,False
phone_M1.wav,50.0,5.0,40,3,3,2,4,2,0,2,15.00000000000004,15.811388300841928,0.08196721311475409,150.0,0.0005872191236703657,1452.3068630271919,False
studio_F1.wav,50.0,5.0,40,3,3,2,2,2,0,0,15.000000000000014,21.213203435596444,0.017857142857142856,150.0,0.0006926744010367023,1202.7760684190364,False
studio_M1.wav,50.0,5.0,40,3,3,2,2,2,0,0,20.000000000000128,22.36067977499797,0.020833333333333332,150.0,0.0005378852227388777,1369.6110433525548,False
phone_F1.wav,50.0,5.0,40,3,5,2,4,1,1,3,20.000000000000018,20.000000000000018,0.13636363636363635,150.0,0.00413543665476027,838.2565298452074,False
phone_M1.wav,50.0,5.0,40,3,5,2,4,2,0,2,15.00000000000004,15.811388300841928,0.08196721311475409,150.0,0.0005872191236703657,1452.3068630271919,False
studio_F1.wav,50.0,5.0,40,3,5,2,2,2,0,0,15.000000000000014,21.213203435596444,0.017857142857142856,150.0,0.0006926744010367023,1202.7760684190364,False
studio_M1.wav,50.0,5.0,40,3,5,2,2,2,0,0,20.000000000000128,22.36067977499797,0.020833333333333332,150.0,0.0005378852227388777,1369.6110433525548,False
phone_F1.wav,50.0,5.0,80,1,1,2,2,2,0,0,10.000000000000009,14.142135623730963,0.0,150.0,0.0016787907867110334,717.2136389737719,False
phone_M1.wav,50.0,5.0,80,1,1,2,2,2,0,0,19.999999999999936,22.36067977499778,0.022727272727272728,150.0,0.00022397574343631282,1160.2819575193719,False
studio_F1.wav,50.0,5.0,80,1,1,2,2,2,0,0,15.000000000000014,21.213203435596444,0.017857142857142856,150.0,0.0001731830094666421,1097.7725977205826,False
studio_M1.wav,50.0,5.0,80,1,1,2,2,2,0,0,20.000000000000128,22.36067977499797,0.020833333333333332,150.0,0.0001680896193607769,1239.248341877521,False
phone_F1.wav,50.0,5.0,80,1,3,2,2,2,0,0,10.000000000000009,14.142135623730963,0.0,150.0,0.0016787907867110334,717.2136389737719,False
phone_M1.wav,50.0,5.0,80,1,3,2,2,2,0,0,19.999999999999936,22.36067977499778,0.022727272727272728,150.0,0.00022397574343631282,1160.2819575193719,False
studio_F1.wav,50.0,5.0,80,1,3,2,2,2,0,0,15.000000000000014,21.213203435596444,0.017857142857142856,150.0,0.0001731830094666421,1097.7725977205826,False
studio_M1.wav,50.0,5.0,80,1,3,2,2,2,0,0,20.000000000000128,22.36067977499797,0.020833333333333332,150.0,0.0001680896193607769,1239.248341877521,False
phone_F1.wav,50.0,5.0,80,1,5,2,2,1,1,1,20.000000000000018,20.000000000000018,0.06818181818181818,150.0,0.0016787907867110334,717.2136389737719,False
phone_M1.wav,50.0,5.0,80,1,5,2,2,2,0,0,19.999999999999936,22.36067977499778,0.022727272727272728,150.0,0.00022397574343631282,1160.2819575193719,False
studio_F1.wav,50.0,5.0,80,1,5,2,2,2,0,0,15.000000000000014,21.213203435596444,0.017857142857142856,150.0,0.0001731830094666421,1097.7725977205826,False
studio_M1.wav,50.0,5.0,80,1,5,2,2,2,0,0,20.000000000000128,22.36067977499797,0.020833333333333332,150.0,0.0001680896193607769,1239.248341877521,False
phone_F1.wav,50.0,5.0,80,3,1,2,2,2,0,0,10.000000000000009,14.142135623730963,0.0,150.0,0.0016787907867110334,780.9204236429485,False
phone_M1.wav,50.0,5.0,80,3,1,2,2,2,0,0,19.999999999999936,22.36067977499778,0.022727272727272728,150.0,0.00022397574343631282,1150.861799277184,False
studio_F1.wav,50.0,5.0,80,3,1,2,2,2,0,0,15.000000000000014,21.213203435596444,0.017857142857142856,150.0,0.00028862554092665545,1108.2729447904278,False
studio_M1.wav,50.0,5.0,80,3,1,2,2,2,0,0,20.000000000000128,22.36067977499797,0.020833333333333332,150.0,0.00020170740148605875,1239.248341877521,False
phone_F1.wav,50.0,5.0,80,3,3,2,2,2,0,0,10.000000000000009,14.142135623730963,0.0,150.0,0.0016787907867110334,780.9204236429485,False
phone_M1.wav,50.0,5.0,80,3,3,2,2,2,0,0,19.999999999999936,22.36067977499778,0.022727272727272728,150.0,0.00022397574343631282,1150.861799277184,False
studio_F1.wav,50.0,5.0,80,3,3,2,2,2,0,0,15.000000000000014,21.213203435596444,0.017857142857142856,150.0,0.00028862554092665545,1108.2729447904278,False
studio_M1.wav,50.0,5.0,80,3,3,2,2,2,0,0,20.000000000000128,22.36067977499797,0.020833333333333332,150.0,0.00020170740148605875,1239.248341877521,False
phone_F1.wav,50.0,5.0,80,3,5,2,2,1,1,1,20.000000000000018,20.000000000000018,0.06818181818181818,150.0,0.0016787907867110334,780.9204236429485,False
phone_M1.wav,50.0,5.0,80,3,5,2,2,2,0,0,19.999999999999936,22.36067977499778,0.022727272727272728,150.0,0.00022397574343631282,1150.861799277184,False
studio_F1.wav,50.0,5.0,80,3,5,2,2,2,0,0,15.000000000000014,21.213203435596444,0.017857142857142856,150.0,0.00028862554092665545,1108.2729447904278,False
studio_M1.wav,50.0,5.0,80,3,5,2,2,2,0,0,20.000000000000128,22.36067977499797,0.020833333333333332,150.0,0.00020170740148605875,1239.248341877521,False
